iso3,iso_n3,country,usd_m,lon,lat
NZL,554,New Zealand,2376.7,172.787,-39.759
USA,840,USA,1520.9,-97.482602,39.538479
CHN,156,China,1430.0,106.337289,32.498178
ITA,380,Italy,1042.1,11.076907,44.732482
THA,764,Thailand,982.0,101.073198,15.45974
VNM,704,Viet Nam,913.7,105.387292,21.715416
SGP,,Singapore,848.3,103.82,1.35
MYS,458,Malaysia,827.3,113.83708,2.528667
FRA,250,France,691.9,2.552275,46.696113
GBR,826,United Kingdom,552.7,-2.116346,54.402739
IDN,360,Indonesia,521.3,101.892949,-0.954404
NLD,528,Netherlands,513.6,5.61144,52.422211
IND,356,India,468.0,79.358105,22.686852
DEU,276,Germany,417.7,9.678348,50.961733
ESP,724,Spain,408.1,-3.464718,40.090953
DNK,208,Denmark,370.4,9.018163,55.966965
BEL,56,Belgium,316.3,4.800448,50.785392
BRA,76,Brazil,293.7,-49.55945,-12.098687
JPN,392,Japan,285.5,138.44217,36.142538
KOR,410,Rep. of Korea,239.4,128.129504,36.384924
CHE,756,Switzerland,230.5,7.463965,46.719114
MEX,484,Mexico,178.2,-102.289448,23.919988
POL,616,Poland,171.9,19.490468,51.990316
TUR,792,Türkiye,170.5,34.508268,39.345388
CAN,124,Canada,161.6,-101.9107,60.324287
COL,170,Colombia,143.8,-73.174347,3.373111
TWN,158,Taiwan,135.5,120.868204,23.652408
IRL,372,Ireland,127.0,-7.798588,53.078726
CHL,152,Chile,108.4,-72.318871,-38.151771
GRC,300,Greece,107.5,21.72568,39.492763
PHL,608,Philippines,101.1,122.465,11.198
AUT,40,Austria,93.2,14.130515,47.518859
NOR,578,Norway,87.7,9.679975,61.357092
ARG,32,Argentina,81.2,-64.173331,-33.501159
PNG,598,Papua New Guinea,78.4,143.910216,-5.695285
ZAF,710,South Africa,69.0,23.665734,-29.708776
LKA,144,Sri Lanka,65.3,80.704823,7.581097
HND,340,Honduras,61.0,-86.887604,14.794801
PER,604,Peru,60.6,-72.90016,-12.976679
ETH,231,Ethiopia,59.9,39.0886,8.032795
PAK,586,Pakistan,42.1,68.545632,29.328389
ISR,376,Israel,40.8,34.847915,30.911148
AUS,36,Australia,40.1,134.04972,-24.129522
CIV,384,Côte d'Ivoire,37.7,-5.568618,7.49139
ARE,784,United Arab Emirates,36.6,54.547256,23.466285
HKG,,"China, Hong Kong SAR",33.7,114.17,22.32
SWE,752,Sweden,30.0,19.01705,65.85918
EGY,818,Egypt,26.5,29.445837,26.186173
FJI,242,Fiji,25.8,177.975427,-17.826099
NIC,558,Nicaragua,22.2,-85.069347,12.670697
UGA,800,Uganda,21.7,32.948555,1.972589
GTM,320,Guatemala,21.3,-90.497134,14.982133
CZE,203,Czechia,18.4,15.377555,49.882364
CYP,196,Cyprus,18.1,33.084182,34.913329
KHM,116,Cambodia,18.0,104.50487,12.647584
PRT,620,Portugal,17.4,-8.271754,39.606675
LTU,440,Lithuania,17.3,24.089932,55.103703
MMR,104,Myanmar,16.7,95.804497,21.573855
LBN,422,Lebanon,15.7,35.992892,34.133368
IRN,364,Iran,15.4,54.931495,32.166225
_X ,,"Areas, nes",13.1,,
KEN,404,Kenya,13.0,37.907632,0.549043
MAR,504,Morocco,12.6,-7.187296,31.650723
HRV,191,Croatia,12.4,16.37241,45.805799
BOL,68,Bolivia (Plurinational State of),11.6,-64.593433,-16.666015
BGD,50,Bangladesh,11.2,89.684963,24.214956
SRB,688,Serbia,11.0,20.787989,44.189919
CRI,188,Costa Rica,10.9,-84.077922,10.0651
TZA,834,United Rep. of Tanzania,10.5,34.959183,-6.051866
GHA,288,Ghana,10.4,-1.036941,7.717639
ECU,218,Ecuador,9.9,-78.188375,-1.259076
HUN,348,Hungary,9.2,19.447867,47.086841
BGR,100,Bulgaria,9.0,25.15709,42.508785
NAM,516,Namibia,8.4,17.108166,-20.575298
UKR,804,Ukraine,6.7,32.140865,49.724739
SLV,222,El Salvador,6.0,-88.890124,13.685371
MKD,807,North Macedonia,6.0,21.555839,41.558223
TUN,788,Tunisia,5.9,9.007881,33.687263
SVK,703,Slovakia,5.6,19.049868,48.734044
NPL,524,Nepal,5.5,83.639914,28.297925
JOR,400,Jordan,5.2,36.375991,30.805025
ROU,642,Romania,4.9,24.972624,45.733237
TLS,626,Timor-Leste,4.0,125.854679,-8.803705
SAU,682,Saudi Arabia,3.8,44.6996,23.806908
GEO,268,Georgia,3.7,43.735724,41.870087
LVA,428,Latvia,3.7,25.458723,57.066872
SYR,760,Syria,3.5,38.277783,35.006636
EST,233,Estonia,2.7,25.867126,58.724865
BHS,44,Bahamas,2.5,-77.146688,26.401789
TON,,Tonga,2.4,,
OMN,512,Oman,2.3,57.336553,22.120427
SVN,705,Slovenia,2.3,14.915312,46.06076
ISL,352,Iceland,2.1,-18.673711,64.779286
VUT,548,Vanuatu,1.8,166.908762,-15.37153
MUS,,Mauritius,1.7,,
DJI,262,Djibouti,1.6,42.498825,11.976343
MDG,450,Madagascar,1.5,46.704241,-18.628288
LAO,418,Lao People's Dem. Rep.,1.4,102.533912,19.431821
PAN,591,Panama,1.4,-80.352106,8.72198
PSE,275,State of Palestine,1.4,35.291341,32.047431
DOM,214,Dominican Rep.,1.4,-70.653998,19.104137
NCL,540,New Caledonia,1.3,165.084004,-21.064697
JAM,388,Jamaica,1.2,-77.318767,18.137124
IRQ,368,Iraq,1.2,43.26181,33.09403
RWA,646,Rwanda,1.1,30.103894,-1.897196
AFG,4,Afghanistan,1.1,66.496586,34.164262
BLZ,84,Belize,1.0,-88.712962,17.202068
MAC,,"China, Macao SAR",1.0,,
BRB,,Barbados,1.0,,
BIH,70,Bosnia Herzegovina,0.9,18.06841,44.091051
SHN,,Saint Helena,0.9,,
CUB,192,Cuba,0.9,-77.975855,21.334024
SLB,90,Solomon Isds,0.8,159.170468,-8.029548
FIN,246,Finland,0.7,27.276449,63.252361
VEN,862,Venezuela,0.7,-64.599381,7.182476
ZMB,894,Zambia,0.6,26.395298,-14.660804
UZB,860,Uzbekistan,0.6,64.005429,41.693603
ALB,8,Albania,0.6,20.11384,40.654855
BDI,108,Burundi,0.5,29.917086,-3.332836
WSM,,Samoa,0.4,,
KWT,414,Kuwait,0.4,47.313999,29.413628
BHR,,Bahrain,0.4,,
LUX,442,Luxembourg,0.3,6.07762,49.733732
SYC,,Seychelles,0.3,,
MLI,466,Mali,0.3,-2.038455,18.692713
MOZ,508,Mozambique,0.3,37.83789,-13.94323
PRY,600,Paraguay,0.3,-60.146394,-21.674509
URY,858,Uruguay,0.3,-55.966942,-32.961127
NGA,566,Nigeria,0.3,7.50322,9.439799
MDA,498,Rep. of Moldova,0.3,28.487904,47.434999
BFA,854,Burkina Faso,0.3,-1.36388,12.673048
AZE,31,Azerbaijan,0.2,47.210994,40.402387
MLT,,Malta,0.2,,
GUY,328,Guyana,0.2,-58.942643,5.124317
ASM,,American Samoa,0.2,,
ZWE,716,Zimbabwe,0.1,29.925444,-18.91164
RUS,643,Russian Federation,0.1,44.686469,58.249357
CXR,,Christmas Isds,0.1,,
TTO,780,Trinidad and Tobago,0.1,-60.9184,10.9989
BMU,,Bermuda,0.1,,
MNE,499,Montenegro,0.1,19.143727,42.803101
SLE,694,Sierra Leone,0.1,-11.763677,8.617449
COK,,Cook Isds,0.1,,
PCN,,Pitcairn,0.1,,
DZA,12,Algeria,0.1,2.808241,27.397406
YEM,887,Yemen,0.1,45.874383,15.328226
KGZ,417,Kyrgyzstan,0.1,74.532637,41.66854
ATG,,Antigua and Barbuda,0.0,,
BTN,64,Bhutan,0.0,90.040294,27.536685
KAZ,398,Kazakhstan,0.0,68.685548,49.054149
ARM,51,Armenia,0.0,44.800564,40.459077
LBY,434,Libya,0.0,18.011015,26.638944
KNA,,Saint Kitts and Nevis,0.0,,
LBR,430,Liberia,0.0,-9.460379,6.447177
PYF,,French Polynesia,0.0,,
MDV,,Maldives,0.0,,
QAT,634,Qatar,0.0,51.143509,25.237383
BWA,72,Botswana,0.0,24.179216,-22.102634
SWZ,748,Eswatini,0.0,31.467264,-26.533676
SDN,729,Sudan,0.0,29.260657,16.330746
TGO,768,Togo,0.0,1.058113,8.80722
ATA,10,Antarctica,0.0,35.885455,-79.843222
SOM,706,Somalia,0.0,45.19238,3.568925
NER,562,Niger,0.0,9.504356,17.446195
DMA,,Dominica,0.0,,
GIN,324,Guinea,0.0,-10.016402,10.618516
MWI,454,Malawi,0.0,33.608082,-13.386737
HTI,332,Haiti,0.0,-72.224051,19.263784
COM,,Comoros,0.0,,
TUV,,Tuvalu,0.0,,
COD,180,Dem. Rep. of the Congo,0.0,23.458829,-1.858167
SEN,686,Senegal,0.0,-14.778586,15.138125
SUR,740,Suriname,0.0,-55.91094,4.143987
CMR,120,Cameroon,0.0,12.473488,4.585041
CUW,,Curaçao,0.0,,
